<?xml version="1.0" encoding="utf-8" ?>
<dwsync>
<file name="style.css" server="F:/phpnow/wwwroot/jinguandao/web" local="130810840572916096" remote="130810840570000000" Dst="0" />
<file name="img3.jpg" server="F:/phpnow/wwwroot/jinguandao/web" local="130781395347723978" remote="130781395340000000" Dst="0" />
<file name="wechat.png" server="F:/phpnow/wwwroot/jinguandao/web" local="130789798677186804" remote="130789798670000000" Dst="0" />
<file name="alipay.png" server="F:/phpnow/wwwroot/jinguandao/web" local="130789798856167041" remote="130789798850000000" Dst="0" />
<file name="money.png" server="F:/phpnow/wwwroot/jinguandao/web" local="130789799039757542" remote="130789799030000000" Dst="0" />
<file name="img1.jpg" server="F:/phpnow/wwwroot/jinguandao/web" local="130778013401111209" remote="130778013400000000" Dst="0" />
<file name="img2.jpg" server="F:/phpnow/wwwroot/jinguandao/web" local="130779462135692196" remote="130779462130000000" Dst="0" />
<file name="icon1.png" server="F:/phpnow/wwwroot/jinguandao/web" local="130779458935219139" remote="130779458930000000" Dst="0" />
<file name="icon2.png" server="F:/phpnow/wwwroot/jinguandao/web" local="130779459130100286" remote="130779459130000000" Dst="0" />
<file name="icon3.png" server="F:/phpnow/wwwroot/jinguandao/web" local="130779459333221903" remote="130779459330000000" Dst="0" />
</dwsync>